experiment_id,architecture,architecture_label,seed,wandb_run_id,wandb_run_name,wandb_run_url,evaluation_lineage_name,wandb_group,state,hits_at_1,hits_at_5,hits_at_10,hits_at_candidate_limit,ndcg_at_1,ndcg_at_5,ndcg_at_10,ndcg_at_candidate_limit,retrieval_gold_coverage,retrieval_full_gold_coverage,average_candidate_count,evaluated_instances
exp0_graphsage_seed42,graphsage,GraphSAGE,42,s8pr7uiz,102_20260829_193251_graphsage,https://wandb.ai/itonkdong-org/graphragx/runs/s8pr7uiz,97_exp0_graphsage_seed42_retriever,experiment0,finished,0.03665521191294387,0.147766323024055,0.22336769759450173,0.28121420389461627,0.03665521191294387,0.05857264144781847,0.07361551457909295,0.08529063730485315,0.15393661801162511,0.10252004581901487,14.970217640320731,1746.0
exp0_graphsage_seed1337,graphsage,GraphSAGE,1337,bkxrut37,103_20260829_194919_graphsage,https://wandb.ai/itonkdong-org/graphragx/runs/bkxrut37,98_exp0_graphsage_seed1337_retriever,experiment0_seed_winners,finished,0.06357388316151202,0.19129438717067584,0.2898052691867125,0.3728522336769759,0.06357388316151202,0.08362749973062221,0.10757017158468148,0.1269442496057035,0.2293115777602572,0.16380297823596793,14.904925544100802,1746.0
exp0_graphsage_seed2026,graphsage,GraphSAGE,2026,w5pikbnk,104_20260829_195110_graphsage,https://wandb.ai/itonkdong-org/graphragx/runs/w5pikbnk,99_exp0_graphsage_seed2026_retriever,experiment0,finished,0.03837342497136312,0.15922107674684993,0.24284077892325315,0.31099656357388317,0.03837342497136312,0.06224601803017246,0.08099923117524352,0.09517614736404868,0.17642796771431024,0.12142038946162656,14.963344788087056,1746.0
exp0_aa_graphsage_seed42,aa-graphsage,Advance GraphSAGE,42,q036c6gz,105_20260829_195345_aa-graphsage,https://wandb.ai/itonkdong-org/graphragx/runs/q036c6gz,100_exp0_aa_graphsage_seed42_retriever,experiment0_seed_winners,finished,0.25945017182130586,0.6758304696449027,0.8138602520045819,0.8757159221076747,0.25945017182130586,0.4243972669992971,0.4893350109283688,0.5190604817454048,0.7694708059719743,0.6752577319587629,13.901489117983964,1746.0
exp0_aa_graphsage_seed1337,aa-graphsage,Advance GraphSAGE,1337,nc87negc,106_20260829_195618_aa-graphsage,https://wandb.ai/itonkdong-org/graphragx/runs/nc87negc,101_exp0_aa_graphsage_seed1337_retriever,experiment0,finished,0.2376861397479954,0.6557846506300115,0.8087056128293242,0.8619702176403208,0.2376861397479954,0.3967904053355616,0.4666188633371636,0.4929539118386027,0.7495879848919965,0.652348224513173,13.991981672394044,1746.0
exp0_aa_graphsage_seed2026,aa-graphsage,Advance GraphSAGE,2026,ytb558ro,107_20260829_195847_aa-graphsage,https://wandb.ai/itonkdong-org/graphragx/runs/ytb558ro,102_exp0_aa_graphsage_seed2026_retriever,experiment0,finished,0.17926689576174112,0.6002290950744559,0.779495990836197,0.8482245131729668,0.17926689576174112,0.3219205065146047,0.39842539668664934,0.43222047643559336,0.7123710906073674,0.6042382588774341,14.469644902634592,1746.0
exp0_rgcn_seed42,rgcn,R-GCN,42,xrpyyyxu,120_20260830_063300_rgcn,https://wandb.ai/itonkdong-org/graphragx/runs/xrpyyyxu,112_exp0_rgcn_seed42_retriever,experiment0,finished,0.08705612829324169,0.2411225658648339,0.3602520045819015,0.4702176403207331,0.08705612829324169,0.13667506999669138,0.1700748562273265,0.19368488649205087,0.3357651301738129,0.2686139747995418,14.93356242840779,1746.0
exp0_rgcn_seed1337,rgcn,R-GCN,1337,c7q6mc1h,121_20260830_065131_rgcn,https://wandb.ai/itonkdong-org/graphragx/runs/c7q6mc1h,113_exp0_rgcn_seed1337_retriever,experiment0,finished,0.06815578465063,0.1998854524627721,0.30412371134020616,0.37399770904925544,0.06815578465063,0.09181770808689818,0.11561396476591113,0.13265890620187484,0.2282661825158855,0.16323024054982818,14.9581901489118,1746.0
exp0_rgcn_seed2026,rgcn,R-GCN,2026,u1vsx59v,122_20260830_071002_rgcn,https://wandb.ai/itonkdong-org/graphragx/runs/u1vsx59v,114_exp0_rgcn_seed2026_retriever,experiment0_seed_winners,finished,0.20790378006872853,0.5332187857961054,0.6764032073310424,0.7405498281786942,0.20790378006872853,0.3158292649876788,0.3701728070643226,0.398227933575904,0.6157445140411212,0.5103092783505154,14.426689576174113,1746.0
exp0_hgt_seed42,hgt,HGT,42,3udqdq19,111_20260829_205549_hgt,https://wandb.ai/itonkdong-org/graphragx/runs/3udqdq19,103_exp0_hgt_seed42_retriever,experiment0,finished,0.2170675830469645,0.4988545246277205,0.6540664375715922,0.715922107674685,0.2170675830469645,0.320367572842632,0.3730120600033897,0.39864134999078327,0.5963782278782028,0.5,14.307560137457044,1746.0
exp0_hgt_seed1337,hgt,HGT,1337,uqlnazak,112_20260829_214238_hgt,https://wandb.ai/itonkdong-org/graphragx/runs/uqlnazak,104_exp0_hgt_seed1337_retriever,experiment0_seed_winners,finished,0.2245131729667812,0.5469644902634594,0.6855670103092784,0.7479954180985109,0.2245131729667812,0.33801090389583144,0.3885729485895442,0.4174934792436241,0.621538783256967,0.5217640320733105,14.389461626575027,1746.0
exp0_hgt_seed2026,hgt,HGT,2026,uwcwhkip,113_20260829_221438_hgt,https://wandb.ai/itonkdong-org/graphragx/runs/uwcwhkip,105_exp0_hgt_seed2026_retriever,experiment0,finished,0.2222222222222222,0.5240549828178694,0.6723940435280642,0.7382588774341352,0.2222222222222222,0.33246442655472724,0.3877097485909768,0.4123411317270472,0.6214259366415185,0.5326460481099656,14.20103092783505,1746.0
exp0_rearev_seed42,rearev,ReaRev,42,kzaqmz0z,114_20260829_230124_rearev,https://wandb.ai/itonkdong-org/graphragx/runs/kzaqmz0z,106_exp0_rearev_seed42_retriever,experiment0,finished,0.4702176403207331,0.6746849942726232,0.7508591065292096,0.7508591065292096,0.4690721649484536,0.548453542464587,0.5839012460078441,0.574558084594794,0.6688410982803784,0.6053837342497136,10.0,1746.0
exp0_rearev_seed1337,rearev,ReaRev,1337,9d663xm3,115_20260829_231105_rearev,https://wandb.ai/itonkdong-org/graphragx/runs/9d663xm3,107_exp0_rearev_seed1337_retriever,experiment0_seed_winners,finished,0.656930126002291,0.8510882016036655,0.8963344788087056,0.8963344788087056,0.6580756013745704,0.7412958466493154,0.7669306031962069,0.7536248121405379,0.8264135478587369,0.763459335624284,10.0,1746.0
exp0_rearev_seed2026,rearev,ReaRev,2026,9s6f5yj7,116_20260829_232042_rearev,https://wandb.ai/itonkdong-org/graphragx/runs/9s6f5yj7,108_exp0_rearev_seed2026_retriever,experiment0,finished,0.6380297823596792,0.8533791523482245,0.8969072164948454,0.8969072164948454,0.6374570446735395,0.7268505839972005,0.7513524246607295,0.739392430216785,0.8170055080566714,0.7485681557846506,10.0,1746.0
exp0_nbfnet_seed42,nbfnet,NBFNet,42,xhkqmtj8,117_20260829_233015_nbfnet,https://wandb.ai/itonkdong-org/graphragx/runs/xhkqmtj8,109_exp0_nbfnet_seed42_retriever,experiment0,finished,0.6792668957617412,0.872852233676976,0.915807560137457,0.927262313860252,0.6792668957617412,0.7678317756645094,0.7894570464467544,0.7942483398308992,0.8720380971742194,0.8213058419243986,11.073310423825887,1746.0
exp0_nbfnet_seed1337,nbfnet,NBFNet,1337,1b810k36,118_20260829_233430_nbfnet,https://wandb.ai/itonkdong-org/graphragx/runs/1b810k36,110_exp0_nbfnet_seed1337_retriever,experiment0,finished,0.6890034364261168,0.8757159221076747,0.9209621993127148,0.93184421534937,0.6890034364261168,0.7730161755238149,0.7940550464854054,0.7995683262864349,0.8809930808139355,0.8327605956471936,11.131156930126002,1746.0
exp0_nbfnet_seed2026,nbfnet,NBFNet,2026,3e3ewm7y,119_20260829_233844_nbfnet,https://wandb.ai/itonkdong-org/graphragx/runs/3e3ewm7y,111_exp0_nbfnet_seed2026_retriever,experiment0_winners,finished,0.709049255441008,0.8865979381443299,0.9266895761741124,0.9347079037800688,0.709049255441008,0.7843568900604139,0.8039230941859951,0.807971174823673,0.878032730576506,0.8264604810996563,10.903780068728524,1746.0
