experiment_id,configuration_id,seed,wandb_run_id,wandb_run_name,wandb_run_url,wandb_group,evidence_lineage_name,state,average_subgraph_triples,average_distinct_nodes,context_candidate_coverage,candidate_reduction_percentage,context_gold_coverage,context_full_gold_coverage,average_collected_prize,average_edge_cost
exp1_nbfnet_seed42_sp,shortest_path,42,aarinynz,123_20260830_090742_nbfnet_sp,https://wandb.ai/itonkdong-org/graphragx/runs/aarinynz,experiment1,1_exp1a_nbfnet_seed42_sp,finished,76.59908361970217,26.484536082474225,1.0,0.0,0.8808226508327707,0.8298969072164949,,
exp1_nbfnet_seed42_pcst_constant_lambda_0p01,pcst_constant_0.01,42,yro7rop9,164_20260831_124901_nbfnet_pcst,https://wandb.ai/itonkdong-org/graphragx/runs/yro7rop9,experiment1,28_exp1a_nbfnet_seed42_pcst_constant_lambda_0p01,finished,14.175257731958762,15.18327605956472,1.0,0.0,0.8774306397300072,0.8258877434135166,68.79782359679267,0.14175257731958762
exp1_nbfnet_seed42_pcst_constant_l025,pcst_constant_0.25,42,94tbxiho,124_20260830_090823_nbfnet_pcst,https://wandb.ai/itonkdong-org/graphragx/runs/94tbxiho,experiment1,2_exp1a_nbfnet_seed42_pcst_constant_l025,finished,14.175257731958762,15.18327605956472,1.0,0.0,0.8774306397300072,0.8258877434135166,68.79782359679267,3.5438144329896906
exp1_nbfnet_seed42_pcst_constant_l05,pcst_constant_0.5,42,2qfddc4b,125_20260830_090852_nbfnet_pcst,https://wandb.ai/itonkdong-org/graphragx/runs/2qfddc4b,experiment1,3_exp1a_nbfnet_seed42_pcst_constant_l05,finished,14.083619702176405,15.09106529209622,0.9961149293623532,0.3620564808110065,0.8773495018911375,0.8253150057273768,68.75773195876289,7.0418098510882015
exp1_nbfnet_seed42_pcst_constant_l10,pcst_constant_1,42,rexz8bsx,126_20260830_090922_nbfnet_pcst,https://wandb.ai/itonkdong-org/graphragx/runs/rexz8bsx,experiment1,4_exp1a_nbfnet_seed42_pcst_constant_l10,finished,13.38831615120275,14.395761741122566,0.9500221904861164,4.882590255508431,0.8716553793511655,0.8109965635738832,68.20962199312714,13.38831615120275
exp1_nbfnet_seed42_pcst_semantic_lambda_0p01,pcst_semantic_0.01,42,qdyzy3cs,165_20260831_124933_nbfnet_pcst,https://wandb.ai/itonkdong-org/graphragx/runs/qdyzy3cs,experiment1,29_exp1a_nbfnet_seed42_pcst_semantic_lambda_0p01,finished,13.394616265750289,14.405498281786942,1.0,0.0,0.8767470464278421,0.8253150057273768,68.79782359679267,0.10216439454182648
exp1_nbfnet_seed42_pcst_semantic_l025,pcst_semantic_0.25,42,o2qxph7x,127_20260830_090955_nbfnet_pcst,https://wandb.ai/itonkdong-org/graphragx/runs/o2qxph7x,experiment1,5_exp1a_nbfnet_seed42_pcst_semantic_l025,finished,13.392325315005728,14.403207331042385,1.0,0.0,0.8767470464278421,0.8253150057273768,68.79782359679267,2.5537533618080666
exp1_nbfnet_seed42_pcst_semantic_l05,pcst_semantic_0.5,42,ycg0iqki,128_20260830_091058_nbfnet_pcst,https://wandb.ai/itonkdong-org/graphragx/runs/ycg0iqki,experiment1,6_exp1a_nbfnet_seed42_pcst_semantic_l05,finished,13.392325315005728,14.403207331042385,1.0,0.0,0.8767470464278421,0.8253150057273768,68.79782359679267,5.107506723616133
exp1_nbfnet_seed42_pcst_semantic_l10,pcst_semantic_1,42,7nr1obww,129_20260830_091200_nbfnet_pcst,https://wandb.ai/itonkdong-org/graphragx/runs/7nr1obww,experiment1,7_exp1a_nbfnet_seed42_pcst_semantic_l10,finished,13.2737686139748,14.284077892325316,0.9946926307751064,0.49653460225509466,0.8766659085889724,0.8247422680412371,68.74284077892325,10.11712642772157
exp1_nbfnet_seed1337_sp,shortest_path,1337,r8swb3b8,130_20260830_091300_nbfnet_sp,https://wandb.ai/itonkdong-org/graphragx/runs/r8swb3b8,experiment1,8_exp1a_nbfnet_seed1337_sp,finished,86.96735395189003,30.5028636884307,1.0,0.0,0.8908326536546537,0.8424971363115693,,
exp1_nbfnet_seed1337_pcst_constant_lambda_0p01,pcst_constant_0.01,1337,8ge3oj20,166_20260831_125040_nbfnet_pcst,https://wandb.ai/itonkdong-org/graphragx/runs/8ge3oj20,experiment1,30_exp1a_nbfnet_seed1337_pcst_constant_lambda_0p01,finished,14.698167239404352,15.705040091638027,1.0,0.0,0.8852369661214099,0.8361970217640321,69.52290950744559,0.146981672394043
exp1_nbfnet_seed1337_pcst_constant_l025,pcst_constant_0.25,1337,5k91go6y,131_20260830_091344_nbfnet_pcst,https://wandb.ai/itonkdong-org/graphragx/runs/5k91go6y,experiment1,9_exp1a_nbfnet_seed1337_pcst_constant_l025,finished,14.698167239404352,15.705040091638027,1.0,0.0,0.8852369661214099,0.8361970217640321,69.52290950744559,3.674541809851088
exp1_nbfnet_seed1337_pcst_constant_l05,pcst_constant_0.5,1337,yj66xfjl,132_20260830_091415_nbfnet_pcst,https://wandb.ai/itonkdong-org/graphragx/runs/yj66xfjl,experiment1,10_exp1a_nbfnet_seed1337_pcst_constant_l05,finished,14.571019473081328,15.577892325315004,0.994469438541605,0.5196809879084127,0.8852131020511542,0.8361970217640321,69.46506300114548,7.285509736540664
exp1_nbfnet_seed1337_pcst_constant_l10,pcst_constant_1,1337,mxb795gy,133_20260830_091447_nbfnet_pcst,https://wandb.ai/itonkdong-org/graphragx/runs/mxb795gy,experiment1,11_exp1a_nbfnet_seed1337_pcst_constant_l10,finished,13.873997709049256,14.880297823596791,0.9508842818121256,4.774890661178286,0.8783744592406436,0.8218785796105383,68.92668957617411,13.873997709049256
exp1_nbfnet_seed1337_pcst_semantic_lambda_0p01,pcst_semantic_0.01,1337,t8wh8ra9,167_20260831_125111_nbfnet_pcst,https://wandb.ai/itonkdong-org/graphragx/runs/t8wh8ra9,experiment1,31_exp1a_nbfnet_seed1337_pcst_semantic_lambda_0p01,finished,13.93298969072165,14.942153493699886,1.0,0.0,0.8853632360288788,0.8367697594501718,69.52290950744559,0.1064842251803862
exp1_nbfnet_seed1337_pcst_semantic_l025,pcst_semantic_0.25,1337,bjrgh3z0,134_20260830_091519_nbfnet_pcst,https://wandb.ai/itonkdong-org/graphragx/runs/bjrgh3z0,experiment1,12_exp1a_nbfnet_seed1337_pcst_semantic_l025,finished,13.927835051546392,14.936998854524628,1.0,0.0,0.8853632360288788,0.8367697594501718,69.52290950744559,2.661186196044077
exp1_nbfnet_seed1337_pcst_semantic_l05,pcst_semantic_0.5,1337,0xj4f6sm,135_20260830_091620_nbfnet_pcst,https://wandb.ai/itonkdong-org/graphragx/runs/0xj4f6sm,experiment1,13_exp1a_nbfnet_seed1337_pcst_semantic_l05,finished,13.927835051546392,14.936998854524628,1.0,0.0,0.8853632360288788,0.8367697594501718,69.52290950744559,5.322372392088154
exp1_nbfnet_seed1337_pcst_semantic_l10,pcst_semantic_1,1337,rjipbij6,136_20260830_091720_nbfnet_pcst,https://wandb.ai/itonkdong-org/graphragx/runs/rjipbij6,experiment1,14_exp1a_nbfnet_seed1337_pcst_semantic_l10,finished,13.74971363115693,14.758877434135169,0.9922739440780698,0.7254952405454078,0.8847666342724834,0.8361970217640321,69.44215349369989,10.495899978337052
exp1_nbfnet_seed2026_sp,shortest_path,2026,76qoecir,137_20260830_091822_nbfnet_sp,https://wandb.ai/itonkdong-org/graphragx/runs/76qoecir,experiment1_winners,15_exp1a_nbfnet_seed2026_sp,finished,119.84650630011454,39.38316151202749,1.0,0.0,0.8924538146762628,0.8407789232531501,,
exp1_nbfnet_seed2026_pcst_constant_lambda_0p01,pcst_constant_0.01,2026,l7jhfcpe,168_20260831_125212_nbfnet_pcst,https://wandb.ai/itonkdong-org/graphragx/runs/l7jhfcpe,experiment1_winners,32_exp1a_nbfnet_seed2026_pcst_constant_lambda_0p01,finished,14.491408934707904,15.49828178694158,1.0,0.0,0.8817254780071907,0.8298969072164949,66.61053837342497,0.14491408934707856
exp1_nbfnet_seed2026_pcst_constant_l025,pcst_constant_0.25,2026,uk8zsaaa,138_20260830_091908_nbfnet_pcst,https://wandb.ai/itonkdong-org/graphragx/runs/uk8zsaaa,experiment1_seed_winners,16_exp1a_nbfnet_seed2026_pcst_constant_l025,finished,14.491408934707904,15.49828178694158,1.0,0.0,0.8817254780071907,0.8298969072164949,66.61053837342497,3.622852233676976
exp1_nbfnet_seed2026_pcst_constant_l05,pcst_constant_0.5,2026,ff8e0giq,139_20260830_091938_nbfnet_pcst,https://wandb.ai/itonkdong-org/graphragx/runs/ff8e0giq,experiment1_seed_winners,17_exp1a_nbfnet_seed2026_pcst_constant_l05,finished,14.258304696449027,15.264604810996564,0.9901587339731692,0.9349721609412752,0.8815932028749155,0.8293241695303551,66.5085910652921,7.129152348224514
exp1_nbfnet_seed2026_pcst_constant_l10,pcst_constant_1,2026,da69xkhh,140_20260830_092011_nbfnet_pcst,https://wandb.ai/itonkdong-org/graphragx/runs/da69xkhh,experiment1_winners,18_exp1a_nbfnet_seed2026_pcst_constant_l10,finished,13.459908361970218,14.466208476517757,0.944793646597778,5.399726862065343,0.8763778338284269,0.8155784650630011,65.92268041237114,13.459908361970218
exp1_nbfnet_seed2026_pcst_semantic_lambda_0p01,pcst_semantic_0.01,2026,f5gpt04e,169_20260831_125247_nbfnet_pcst,https://wandb.ai/itonkdong-org/graphragx/runs/f5gpt04e,experiment1_winners,33_exp1a_nbfnet_seed2026_pcst_semantic_lambda_0p01,finished,13.784650630011456,14.793814432989691,1.0,0.0,0.8820043936976536,0.8304696449026346,66.61053837342497,0.10580972655395392
exp1_nbfnet_seed2026_pcst_semantic_l025,pcst_semantic_0.25,2026,hgouzya9,141_20260830_092042_nbfnet_pcst,https://wandb.ai/itonkdong-org/graphragx/runs/hgouzya9,experiment1_seed_winners,19_exp1a_nbfnet_seed2026_pcst_semantic_l025,finished,13.785223367697595,14.794387170675831,1.0,0.0,0.8820043936976536,0.8304696449026346,66.61053837342497,2.6453442255343917
exp1_nbfnet_seed2026_pcst_semantic_l05,pcst_semantic_0.5,2026,98jb0akz,142_20260830_092144_nbfnet_pcst,https://wandb.ai/itonkdong-org/graphragx/runs/98jb0akz,experiment1_seed_winners,20_exp1a_nbfnet_seed2026_pcst_semantic_l05,finished,13.785223367697595,14.794387170675831,1.0,0.0,0.8820043936976536,0.8304696449026346,66.61053837342497,5.2906884510687835
exp1_nbfnet_seed2026_pcst_semantic_l10,pcst_semantic_1,2026,coc5k7g7,143_20260830_092245_nbfnet_pcst,https://wandb.ai/itonkdong-org/graphragx/runs/coc5k7g7,experiment1_winners,21_exp1a_nbfnet_seed2026_pcst_semantic_l10,finished,13.485681557846506,14.494272623138604,0.9868229708435922,1.2448786637251812,0.8818721185653786,0.8298969072164949,66.47479954180984,10.329039212145712
